{"iSwap": {"1": [0, 0.6732309354115338, false, false, false], "2": [0, 0.9999999999266616, true, true, true], "3": [1, 1, 1, 1, 1]}, "sqiSwap": {"1": [0, 0.007479129356809791, false, false, false], "2": [0.7901173636843226, 0.935414813146013, true, false, true], "3": [1, 1, 1, 1, 1]}}