{
    "iSwap": {
        "1": [
            0,
            0.7012536792917132,
            false,
            false,
            false
        ],
        "2": [
            0,
            0.9999999999945101,
            true,
            true,
            true
        ],
        "3": [
            1,
            1,
            1,
            1,
            1
        ]
    },
    "sqiSwap": {
        "1": [
            0,
            0.007541311031792931,
            false,
            false,
            false
        ],
        "2": [
            0.7901173636843226,
            0.8903180512392713,
            true,
            false,
            true
        ],
        "3": [
            1,
            1,
            1,
            1,
            1
        ]
    },
    "CNOT": {
        "1": [
            0,
            0.026221125748875335,
            true,
            false,
            false
        ],
        "2": [
            0,
            0.6446696371059322,
            true,
            false,
            true
        ],
        "3": [
            1,
            1,
            1,
            1,
            1
        ]
    },
    "sqCNOT": {
        "1": [
            0,
            0.00013209397978281191,
            false,
            false,
            false
        ],
        "2": [
            0,
            0.02914756013969056,
            true,
            false,
            false
        ],
        "3": [
            0.49999999999999994,
            0.5000000004989468,
            true,
            false,
            true
        ],
        "4": [
            0.9598826363156776,
            0.9598826237962252,
            true,
            false,
            true
        ],
        "5": [
            0.9998625428762983,
            0.9998625394568625,
            true,
            false,
            true
        ],
        "6": [
            1,
            1,
            1,
            1,
            1
        ]
    },
    "B": {
        "1": [
            0,
            0.29577457437227894,
            true,
            false,
            true
        ],
        "2": [
            1,
            1,
            1,
            1,
            1
        ]
    },
    "sqB": {
        "1": [
            0,
            0.002508784347831931,
            false,
            false,
            false
        ],
        "2": [
            0.49999999999999994,
            0.4999999999987793,
            true,
            false,
            true
        ],
        "3": [
            0.9958104342810903,
            0.9958104342784044,
            true,
            false,
            true
        ],
        "4": [
            1,
            1,
            1,
            1,
            1
        ]
    }
}