{"iSwap": {"1": [0, 0.6535219846840624, false, false, false], "2": [0, 0.9675772835037395, true, false, true], "3": [1, 1, 1, 1, 1]}, "sqiSwap": {"1": [0, 0.007475314283520313, false, false, false], "2": [0.7901173636843226, 0.8404713364219241, true, false, true], "3": [1, 1, 1, 1, 1]}}