{"B": {"1": [0, 0.4695051749728294, false, false, true], "2": [1.0000000000000002, 1.0000000000000002, true, true, true]}}