{"iSwap": {"1": [0, 0.6783662385792095, false, false, false], "2": [0, 0.9999999982253969, true, true, true], "3": [1, 1, 1, 1, 1]}, "sqiSwap": {"1": [0, 0.2519311262382453, false, false, true], "2": [0.7901173636843226, 0.9696737618314957, true, false, true], "3": [1, 1, 1, 1, 1]}, "CNOT": {"1": [0, 0.1339974624603968, true, false, false], "2": [0, 0.7009853214708581, true, false, true], "3": [1, 1, 1, 1, 1]}, "sqCNOT": {"1": [0, 0.022771219491371335, true, false, false], "2": [0, 0.2090452843153502, true, false, true], "3": [0.49999999999999994, 0.8121508501840347, true, false, true], "4": [0.9598826363156776, 0.9887662780959197, true, false, true], "5": [0.9998625428762983, 0.9999087329837175, true, false, true], "6": [1, 1, 1, 1, 1]}, "B": {"1": [0, 0.46329794285878423, false, false, true], "2": [1, 1, 1, 1, 1]}, "sqB": {"1": [0, 0.06352840511754945, false, false, false], "2": [0.49999999999999994, 0.7100980627424552, true, false, true], "3": [0.9958104342810903, 0.9958932162916889, true, false, true], "4": [1, 1, 1, 1, 1]}}