{"iSwap": {"1": [0, 0.23394267159648988, false, false, false], "2": [0, 0.6158761163000825, true, false, true], "3": [1, 1, 1, 1, 1]}}