{"iSwap": {"1": [0, 0.6546643837465331, true, false, false], "2": [0, 0.9999999999802148, true, true, true], "3": [1, 1, 1, 1, 1]}, "sqiSwap": {"1": [0, 0.22306024317302917, false, false, false], "2": [0.7901173636843226, 0.9064946279146404, true, false, true], "3": [1, 1, 1, 1, 1]}, "CNOT": {"1": [0, 0.15796667230930944, true, false, false], "2": [0, 0.7452599331029004, true, false, true], "3": [1, 1, 1, 1, 1]}, "sqCNOT": {"1": [0, 0.024673254843568228, true, false, false], "2": [0, 0.20443325100784626, true, false, true], "3": [0.49999999999999994, 0.7473544704138957, true, false, true], "4": [0.9598826363156776, 0.9688348893862988, true, false, true], "5": [0.9998625428762983, 0.9998625428760676, true, false, true], "6": [1, 1, 1, 1, 1]}, "B": {"1": [0, 0.49040701721962987, false, false, true], "2": [1, 1, 1, 1, 1]}, "sqB": {"1": [0, 0.0634697932483465, false, false, false], "2": [0.49999999999999994, 0.6108135578181196, true, false, true], "3": [0.9958104342810903, 0.9958104342810903, true, false, true], "4": [1, 1, 1, 1, 1]}}