{
  "B": {
    "1": [
      0,
      0.2496393274039504,
      false,
      false,
      true
    ],
    "2": [
      1,
      1,
      1,
      1,
      1
    ]
  },
  "CNOT": {
    "1": [
      0,
      0.027259728908854225,
      true,
      false,
      false
    ],
    "2": [
      0,
      0.6431840878223598,
      true,
      false,
      true
    ],
    "3": [
      1,
      1,
      1,
      1,
      1
    ]
  },
  "iSwap": {
    "1": [
      0,
      0.6939854981544666,
      false,
      false,
      false
    ],
    "2": [
      0,
      0.9638527808221473,
      true,
      false,
      true
    ],
    "3": [
      1,
      1,
      1,
      1,
      1
    ]
  },
  "sqB": {
    "1": [
      0,
      0.0024285034418790857,
      false,
      false,
      false
    ],
    "2": [
      0.49999999999999994,
      0.49999999999999994,
      true,
      false,
      true
    ],
    "3": [
      0.9958104342810903,
      0.9958104342810903,
      true,
      false,
      true
    ],
    "4": [
      1,
      1,
      1,
      1,
      1
    ]
  },
  "sqCNOT": {
    "1": [
      0,
      0.0001277639544977343,
      false,
      false,
      false
    ],
    "2": [
      0,
      0.025103417956625677,
      true,
      false,
      false
    ],
    "3": [
      0.49999999999999994,
      0.49999999999999994,
      true,
      false,
      true
    ],
    "4": [
      0.9598826363156776,
      0.9598826363156776,
      true,
      false,
      true
    ],
    "5": [
      0.9998625428762983,
      0.9998625428762983,
      true,
      false,
      true
    ],
    "6": [
      1,
      1,
      1,
      1,
      1
    ]
  },
  "sqiSwap": {
    "1": [
      0,
      0.007489121898471342,
      false,
      false,
      false
    ],
    "2": [
      0.7901173636843226,
      0.8262111699673274,
      true,
      false,
      true
    ],
    "3": [
      1,
      1,
      1,
      1,
      1
    ]
  }
}
